e2df25,127.0.0.1,GET,http://localhost:8080/ssi/ssi-exemple,1408719256,722fb6
722fb6,127.0.0.1,GET,http://localhost:8080/ssi-exemple,1408719256,
2b95ed,127.0.0.1,GET,http://localhost:8080/favicon.ico,1408719257,
e263fc,127.0.0.1,GET,http://localhost:8080/favicon.ico,1408719258,
458583,127.0.0.1,GET,http://localhost:8080/esi/esi-exemple,1408719259,61f68f
61f68f,127.0.0.1,GET,http://localhost:8080/esi-exemple,1408719259,
0df076,127.0.0.1,GET,http://localhost:8080/renderesi/esi-exemple,1408719259,
e74bfa,127.0.0.1,GET,http://localhost:8080/favicon.ico,1408719259,
303206,127.0.0.1,GET,http://localhost:8080/ajax-exemple,1408719259,
845a39,127.0.0.1,GET,http://localhost:8080/renderesi/ajax-exemple,1408719259,
332c1c,127.0.0.1,GET,http://localhost:8080/favicon.ico,1408719260,
40a07b,127.0.0.1,GET,http://localhost:8080/favicon.ico,1408719260,
821b72,127.0.0.1,GET,http://localhost:8080/ssi/ssi-exemple,1408719428,ead23c
ead23c,127.0.0.1,GET,http://localhost:8080/,1408719428,
6b371b,127.0.0.1,GET,http://localhost:8080/favicon.ico,1408719428,
832793,127.0.0.1,GET,http://localhost:8080/ssi/ssi-exemple,1408720830,74692c
74692c,127.0.0.1,GET,http://localhost:8080/,1408720830,
983f01,127.0.0.1,GET,http://localhost:8080/favicon.ico,1408720830,
7525e4,127.0.0.1,GET,http://localhost:8080/favicon.ico,1408720832,
4ffb71,127.0.0.1,GET,http://localhost:8080/ssi/ssi-exemple,1408720832,d7228d
d7228d,127.0.0.1,GET,http://localhost:8080/ssi-exemple,1408720832,
f316cf,127.0.0.1,GET,http://localhost:8080/favicon.ico,1408720832,
b2d886,127.0.0.1,GET,http://localhost:8080/esi/esi-exemple,1408720833,fb4a42
fb4a42,127.0.0.1,GET,http://localhost:8080/esi-exemple,1408720833,
4ab36a,127.0.0.1,GET,http://localhost:8080/renderesi/esi-exemple,1408720833,
0da32c,127.0.0.1,GET,http://localhost:8080/favicon.ico,1408720833,
f22907,127.0.0.1,GET,http://localhost:8080/ajax-exemple,1408720833,
bd6204,127.0.0.1,GET,http://localhost:8080/renderesi/ajax-exemple,1408720833,
6a8969,127.0.0.1,GET,http://localhost:8080/favicon.ico,1408720834,
03e505,127.0.0.1,GET,http://localhost:8080/favicon.ico,1408720836,
d5f854,127.0.0.1,GET,http://localhost:8080/favicon.ico,1408720837,
1d85b3,127.0.0.1,GET,http://localhost:8080/favicon.ico,1408720837,
62503b,127.0.0.1,GET,http://localhost:8080/ajax-exemple,1408721852,
8af64e,127.0.0.1,GET,http://localhost:8080/renderesi/ajax-exemple,1408721853,
6b613b,127.0.0.1,GET,http://localhost:8080/favicon.ico,1408721853,
6a1898,127.0.0.1,GET,http://localhost:8080/favicon.ico,1408721854,
8e1233,127.0.0.1,GET,http://localhost:8080/ssi/ssi-exemple,1408721855,a8aba2
a8aba2,127.0.0.1,GET,http://localhost:8080/ssi-exemple,1408721855,
7c4331,127.0.0.1,GET,http://localhost:8080/favicon.ico,1408721855,
d20577,127.0.0.1,GET,http://localhost:8080/esi/esi-exemple,1408721855,3a2016
3a2016,127.0.0.1,GET,http://localhost:8080/esi-exemple,1408721855,
10c38b,127.0.0.1,GET,http://localhost:8080/renderesi/esi-exemple,1408721855,
ab4ceb,127.0.0.1,GET,http://localhost:8080/favicon.ico,1408721856,
0f577c,127.0.0.1,GET,http://localhost:8080/favicon.ico,1408721856,
8fc5e1,127.0.0.1,GET,http://localhost:8080/ajax-exemple,1408722142,
bca539,127.0.0.1,GET,http://localhost:8080/favicon.ico,1408722142,
1b5679,127.0.0.1,GET,http://localhost:8080/ssi/ssi-exemple,1408722143,f1db3b
f1db3b,127.0.0.1,GET,http://localhost:8080/ssi-exemple,1408722143,
8f8b5e,127.0.0.1,GET,http://localhost:8080/favicon.ico,1408722143,
63d64c,127.0.0.1,GET,http://localhost:8080/esi/esi-exemple,1408722144,60ad00
60ad00,127.0.0.1,GET,http://localhost:8080/esi-exemple,1408722144,
c72eb4,127.0.0.1,GET,http://localhost:8080/favicon.ico,1408722144,
b9944c,127.0.0.1,GET,http://localhost:8080/favicon.ico,1408722144,
c881d4,127.0.0.1,GET,http://localhost:8080/ajax-exemple,1408722208,
417c44,127.0.0.1,GET,http://localhost:8080/renderesi/ajax-exemple,1408722208,
71ff2d,127.0.0.1,GET,http://localhost:8080/favicon.ico,1408722208,
40115d,127.0.0.1,GET,http://localhost:8080/favicon.ico,1408722209,
a7ba82,127.0.0.1,GET,http://localhost:8080/favicon.ico,1408722209,
fe634e,127.0.0.1,GET,http://localhost:8080/ajax-exemple,1408722353,
9686c6,127.0.0.1,GET,http://localhost:8080/favicon.ico,1408722353,
7739ed,127.0.0.1,GET,http://localhost:8080/ssi/ssi-exemple,1408722354,3cdd87
3cdd87,127.0.0.1,GET,http://localhost:8080/ssi-exemple,1408722354,
618b53,127.0.0.1,GET,http://localhost:8080/favicon.ico,1408722354,
fee6aa,127.0.0.1,GET,http://localhost:8080/favicon.ico,1408722355,
5e6279,127.0.0.1,GET,http://localhost:8080/favicon.ico,1408722355,
1df23a,127.0.0.1,GET,http://localhost:8080/favicon.ico,1408722356,
